Division_ID,Division_Name,Year,Division_Total_Population,Division_Population_White,Division_Population_Black_African_American,Division_Population_American_Indian_Alaska_Native,Division_Population_Asian,Division_Population_Native_Hawaiian_Other_Pacific_Islander,Division_Population_Some_Other_Race,Division_Population_Two_Or_More_Races,Division_Population_Hispanic_Latino,Percent_White,Percent_Black_African_American,Percent_American_Indian_Alaska_Native,Percent_Asian,Percent_Native_Hawaiian_Other_Pacific_Islander,Percent_Some_Other_Race,Percent_Two_Or_More_Races,Percent_Hispanic_Latino
1,CENTRAL,2017,34760.94,5439.49,4661.76,193.62,12275.84,72.6,67.24,686.55,11363.83,15.65,13.41,0.56,35.32,0.21,0.19,1.98,32.69
1,CENTRAL,2018,36537.18,5688.37,5210.77,207.23,12503.22,58.01,86.12,826.64,11956.82,15.57,14.26,0.57,34.22,0.16,0.24,2.26,32.73
1,CENTRAL,2019,37305.33,6131.94,5203.5,255.91,12325.82,54.03,67.33,936.22,12330.59,16.44,13.95,0.69,33.04,0.14,0.18,2.51,33.05
1,CENTRAL,2020,74935.57,16923.07,12817.22,413.99,21623.92,86.97,389.33,2658.65,20022.42,22.58,17.1,0.55,28.86,0.12,0.52,3.55,26.72
1,CENTRAL,2021,78029.5,17447.83,12758.53,388.5,22048.8,166.21,523.78,3139.29,21556.57,22.36,16.35,0.5,28.26,0.21,0.67,4.02,27.63
1,CENTRAL,2022,80156.9,17679.04,13462.32,330.48,23306.99,149.03,501.92,3727.7,20999.41,22.06,16.79,0.41,29.08,0.19,0.63,4.65,26.2
2,RAMPART,2017,154806.92,16506.59,5589.84,150.66,25182.49,224.28,302.89,1967.31,104882.88,10.66,3.61,0.1,16.27,0.14,0.2,1.27,67.75
2,RAMPART,2018,154978.72,17005.94,5165.41,137.61,24543.87,181.25,346.04,2103.73,105494.89,10.97,3.33,0.09,15.84,0.12,0.22,1.36,68.07
2,RAMPART,2019,154125.4,17665.03,5660.42,275.56,23585.91,207.06,343.66,2231.92,104155.85,11.46,3.67,0.18,15.3,0.13,0.22,1.45,67.58
2,RAMPART,2020,171643.71,20631.84,8035.79,370.61,26142.78,311.42,459.03,3355.43,112336.81,12.02,4.68,0.22,15.23,0.18,0.27,1.95,65.45
2,RAMPART,2021,166789.65,20380.29,8269.47,402.17,24841.39,398.67,398.0,3636.79,108462.86,12.22,4.96,0.24,14.89,0.24,0.24,2.18,65.03
2,RAMPART,2022,164963.36,20680.03,9018.9,368.03,24281.17,179.96,597.84,3354.67,106482.76,12.54,5.47,0.22,14.72,0.11,0.36,2.03,64.55
3,SOUTHWEST,2017,150119.56,10465.75,42929.66,137.37,10237.53,264.92,1132.94,2356.98,82594.41,6.97,28.6,0.09,6.82,0.18,0.75,1.57,55.02
3,SOUTHWEST,2018,151947.26,10589.12,42362.69,138.83,10809.29,202.51,926.53,2214.66,84703.62,6.97,27.88,0.09,7.11,0.13,0.61,1.46,55.75
3,SOUTHWEST,2019,153305.04,11570.47,42131.43,164.97,10814.79,242.53,778.88,2365.37,85236.61,7.55,27.48,0.11,7.05,0.16,0.51,1.54,55.6
3,SOUTHWEST,2020,198125.91,17002.25,58228.85,130.8,14018.25,283.52,885.52,4429.44,103147.28,8.58,29.39,0.07,7.08,0.14,0.45,2.24,52.06
3,SOUTHWEST,2021,195009.81,16669.5,56599.0,112.66,13501.08,265.67,711.75,4211.76,102938.39,8.55,29.02,0.06,6.92,0.14,0.36,2.16,52.79
3,SOUTHWEST,2022,195835.56,17925.07,53272.56,136.8,13912.58,252.81,1104.71,5312.64,103918.38,9.15,27.2,0.07,7.1,0.13,0.56,2.71,53.06
4,HOLLENBECK,2017,161172.28,8735.44,2304.93,221.48,12608.36,125.4,300.84,980.41,135895.42,5.42,1.43,0.14,7.82,0.08,0.19,0.61,84.32
4,HOLLENBECK,2018,160936.29,8724.99,2499.62,184.45,12859.36,82.65,250.11,1185.57,135149.53,5.42,1.55,0.11,7.99,0.05,0.16,0.74,83.98
4,HOLLENBECK,2019,163405.77,9102.76,2762.74,239.23,13109.19,38.33,280.1,1402.98,136470.44,5.57,1.69,0.15,8.02,0.02,0.17,0.86,83.52
4,HOLLENBECK,2020,184794.85,9954.38,3260.59,246.55,19177.86,29.86,393.7,1597.75,150134.16,5.39,1.76,0.13,10.38,0.02,0.21,0.86,81.24
4,HOLLENBECK,2021,177485.57,10028.35,2860.46,205.83,18841.64,0.31,347.45,1686.38,143515.15,5.65,1.61,0.12,10.62,0.0,0.2,0.95,80.86
4,HOLLENBECK,2022,175243.99,10520.01,3035.09,259.44,18854.73,110.2,347.97,1877.72,140238.82,6.0,1.73,0.15,10.76,0.06,0.2,1.07,80.02
5,HARBOR,2017,156486.99,30369.85,8749.5,221.57,12413.67,726.01,228.87,3861.53,99915.99,19.41,5.59,0.14,7.93,0.46,0.15,2.47,63.85
5,HARBOR,2018,156090.79,29807.57,8631.74,122.14,12006.91,816.33,232.67,3956.93,100516.5,19.1,5.53,0.08,7.69,0.52,0.15,2.54,64.4
5,HARBOR,2019,155651.71,28805.04,9345.99,166.07,13372.67,884.53,245.1,3319.47,99512.84,18.51,6.0,0.11,8.59,0.57,0.16,2.13,63.93
5,HARBOR,2020,185522.0,36080.65,9922.41,185.12,18252.26,706.37,513.94,4195.6,115665.65,19.45,5.35,0.1,9.84,0.38,0.28,2.26,62.35
5,HARBOR,2021,187088.09,34990.54,9448.81,260.2,18286.4,681.59,416.61,4526.95,118476.98,18.7,5.05,0.14,9.77,0.36,0.22,2.42,63.33
5,HARBOR,2022,184697.33,35545.33,9927.87,244.19,17304.55,628.38,639.0,5302.34,115105.67,19.25,5.38,0.13,9.37,0.34,0.35,2.87,62.32
6,HOLLYWOOD,2017,101235.78,48244.51,5545.04,58.98,8819.64,87.22,337.05,2797.84,35345.5,47.66,5.48,0.06,8.71,0.09,0.33,2.76,34.91
6,HOLLYWOOD,2018,99007.76,46085.4,5829.04,99.97,8882.45,81.27,383.06,3049.52,34597.04,46.55,5.89,0.1,8.97,0.08,0.39,3.08,34.94
6,HOLLYWOOD,2019,98798.81,46002.05,5968.44,129.98,8169.96,36.29,343.91,3370.19,34777.99,46.56,6.04,0.13,8.27,0.04,0.35,3.41,35.2
6,HOLLYWOOD,2020,128980.9,64064.12,7975.85,174.78,11598.82,38.13,548.26,5182.29,39398.64,49.67,6.18,0.14,8.99,0.03,0.43,4.02,30.55
6,HOLLYWOOD,2021,125058.56,61300.1,7880.26,305.02,11334.3,93.97,719.82,5192.83,38232.25,49.02,6.3,0.24,9.06,0.08,0.58,4.15,30.57
6,HOLLYWOOD,2022,126144.79,61030.06,7925.82,361.11,11986.14,94.95,945.17,5083.67,38717.87,48.38,6.28,0.29,9.5,0.08,0.75,4.03,30.69
7,WILSHIRE,2017,123761.18,50027.27,14803.84,147.02,16676.36,113.05,839.59,3745.97,37408.09,40.42,11.96,0.12,13.47,0.09,0.68,3.03,30.23
7,WILSHIRE,2018,122413.18,50494.63,14962.68,200.92,15967.49,136.06,776.87,4230.24,35644.3,41.25,12.22,0.16,13.04,0.11,0.63,3.46,29.12
7,WILSHIRE,2019,120608.67,50596.38,14683.95,152.96,15131.73,100.1,1201.97,3920.29,34821.28,41.95,12.17,0.13,12.55,0.08,1.0,3.25,28.87
7,WILSHIRE,2020,148270.25,64042.01,17807.26,155.91,20422.15,158.02,1616.33,5800.32,38268.24,43.19,12.01,0.11,13.77,0.11,1.09,3.91,25.81
7,WILSHIRE,2021,145383.54,61589.78,17315.84,146.51,20402.06,106.02,1197.25,5549.8,39076.28,42.36,11.91,0.1,14.03,0.07,0.82,3.82,26.88
7,WILSHIRE,2022,144935.81,60128.01,17649.94,119.23,19701.72,109.04,1260.86,6525.4,39441.62,41.49,12.18,0.08,13.59,0.08,0.87,4.5,27.21
8,WEST LOS ANGELES,2017,177607.19,115088.79,5627.24,36.21,26122.4,109.53,676.05,6963.48,22983.49,64.8,3.17,0.02,14.71,0.06,0.38,3.92,12.94
8,WEST LOS ANGELES,2018,175579.31,114315.45,5309.54,110.2,25699.3,99.05,680.84,7335.34,22029.59,65.11,3.02,0.06,14.64,0.06,0.39,4.18,12.55
8,WEST LOS ANGELES,2019,173088.17,112711.78,5338.91,117.02,25593.73,136.06,662.55,7322.53,21205.58,65.12,3.08,0.07,14.79,0.08,0.38,4.23,12.25
8,WEST LOS ANGELES,2020,235878.15,148425.94,6767.99,194.27,37238.29,167.05,1452.76,11833.01,29798.84,62.92,2.87,0.08,15.79,0.07,0.62,5.02,12.63
8,WEST LOS ANGELES,2021,227030.6,141620.93,7105.86,185.57,35768.34,215.93,1844.36,11929.79,28359.83,62.38,3.13,0.08,15.75,0.1,0.81,5.25,12.49
8,WEST LOS ANGELES,2022,227839.62,140808.57,7638.37,116.73,35660.01,260.11,2028.28,12745.11,28582.45,61.8,3.35,0.05,15.65,0.11,0.89,5.59,12.54
9,VAN NUYS,2017,173777.75,75519.66,7749.38,204.82,12018.65,92.45,531.1,4485.83,73175.87,43.46,4.46,0.12,6.92,0.05,0.31,2.58,42.11
9,VAN NUYS,2018,175052.67,74618.0,8393.36,150.9,11598.85,85.52,682.0,5138.11,74385.92,42.63,4.79,0.09,6.63,0.05,0.39,2.94,42.49
9,VAN NUYS,2019,174105.34,74256.4,8827.57,113.34,11623.31,53.23,689.94,5092.53,73449.03,42.65,5.07,0.07,6.68,0.03,0.4,2.92,42.19
9,VAN NUYS,2020,189665.2,83850.34,9677.35,176.35,12698.89,180.34,1028.37,6389.91,75663.65,44.21,5.1,0.09,6.7,0.1,0.54,3.37,39.89
9,VAN NUYS,2021,185624.74,80558.49,9176.88,71.97,12931.16,36.1,1174.11,6986.86,74689.17,43.4,4.94,0.04,6.97,0.02,0.63,3.76,40.24
9,VAN NUYS,2022,185548.07,77855.34,9497.78,242.36,13369.37,65.08,983.04,7326.44,76208.65,41.96,5.12,0.13,7.21,0.04,0.53,3.95,41.07
10,WEST VALLEY,2017,163891.14,77454.36,6393.52,135.67,15556.14,104.04,941.45,4325.66,58980.29,47.26,3.9,0.08,9.49,0.06,0.57,2.64,35.99
10,WEST VALLEY,2018,164144.85,75918.97,7052.53,159.55,15680.94,99.03,1094.96,4449.2,59689.67,46.25,4.3,0.1,9.55,0.06,0.67,2.71,36.36
10,WEST VALLEY,2019,163542.29,75791.6,6921.6,208.94,14636.0,100.01,1171.91,4760.32,59951.9,46.34,4.23,0.13,8.95,0.06,0.72,2.91,36.66
10,WEST VALLEY,2020,209540.34,95150.14,8371.04,253.01,19127.49,247.89,954.87,6952.21,78483.69,45.41,3.99,0.12,9.13,0.12,0.46,3.32,37.46
10,WEST VALLEY,2021,203660.84,90543.74,7440.81,312.83,17928.1,245.89,1190.18,7563.32,78435.98,44.46,3.65,0.15,8.8,0.12,0.58,3.71,38.51
10,WEST VALLEY,2022,201613.84,89028.66,7535.05,203.86,18088.03,240.88,1597.01,8048.18,76872.17,44.16,3.74,0.1,8.97,0.12,0.79,3.99,38.13
11,NORTHEAST,2017,225278.81,69544.06,3720.95,334.73,36151.77,411.89,685.9,5649.88,108779.64,30.87,1.65,0.15,16.05,0.18,0.3,2.51,48.29
11,NORTHEAST,2018,225588.63,70808.18,3880.51,523.89,35662.19,379.45,656.57,5882.27,107795.56,31.39,1.72,0.23,15.81,0.17,0.29,2.61,47.78
11,NORTHEAST,2019,222830.22,72191.98,4082.63,585.2,35632.06,393.67,661.67,6098.73,103184.27,32.4,1.83,0.26,15.99,0.18,0.3,2.74,46.31
11,NORTHEAST,2020,229203.58,78106.34,4211.01,620.64,36013.53,564.73,940.57,7784.66,100962.09,34.08,1.84,0.27,15.71,0.25,0.41,3.4,44.05
11,NORTHEAST,2021,223879.33,76593.07,4276.39,496.17,35829.66,147.75,912.2,8204.65,97419.46,34.21,1.91,0.22,16.0,0.07,0.41,3.66,43.51
11,NORTHEAST,2022,220817.18,78490.06,4469.64,309.56,35461.53,201.74,1002.18,8942.55,91939.93,35.55,2.02,0.14,16.06,0.09,0.45,4.05,41.64
12,77TH STREET,2017,163191.85,2009.17,63366.32,83.84,1206.99,120.13,602.79,1456.66,94345.94,1.23,38.83,0.05,0.74,0.07,0.37,0.89,57.81
12,77TH STREET,2018,166226.73,2722.43,62097.93,137.4,1210.1,145.16,552.74,1766.29,97594.69,1.64,37.36,0.08,0.73,0.09,0.33,1.06,58.71
12,77TH STREET,2019,170675.15,2951.34,64312.47,236.07,1239.11,159.97,552.21,2270.09,98953.89,1.73,37.68,0.14,0.73,0.09,0.32,1.33,57.98
12,77TH STREET,2020,192201.91,3297.12,67817.45,222.12,1392.7,208.15,875.52,3441.74,114947.12,1.72,35.28,0.12,0.72,0.11,0.46,1.79,59.81
12,77TH STREET,2021,192212.28,3410.72,65587.39,200.28,1436.73,350.06,944.19,3786.74,116496.16,1.77,34.12,0.1,0.75,0.18,0.49,1.97,60.61
12,77TH STREET,2022,192830.36,4307.51,64813.14,138.38,1638.23,208.1,830.31,4477.63,116417.09,2.23,33.61,0.07,0.85,0.11,0.43,2.32,60.37
13,NEWTON,2017,140030.19,1554.37,13915.04,128.32,794.63,219.29,172.54,498.78,122747.21,1.11,9.94,0.09,0.57,0.16,0.12,0.36,87.66
13,NEWTON,2018,140367.51,1682.49,12463.14,205.86,769.61,26.3,86.99,558.0,124575.12,1.2,8.88,0.15,0.55,0.02,0.06,0.4,88.75
13,NEWTON,2019,142840.17,1619.33,11859.68,231.39,927.05,63.26,221.77,670.32,127247.38,1.13,8.3,0.16,0.65,0.04,0.16,0.47,89.08
13,NEWTON,2020,158493.85,2743.5,11723.26,205.61,1007.71,86.38,407.33,1174.84,141145.21,1.73,7.4,0.13,0.64,0.05,0.26,0.74,89.05
13,NEWTON,2021,157012.71,2503.42,11226.85,150.74,1190.95,95.26,424.66,1282.7,140138.13,1.59,7.15,0.1,0.76,0.06,0.27,0.82,89.25
13,NEWTON,2022,152069.35,2751.88,10505.85,150.33,1212.36,92.15,474.17,1184.72,135697.9,1.81,6.91,0.1,0.8,0.06,0.31,0.78,89.23
14,PACIFIC,2017,159367.77,82171.97,8905.26,338.73,21066.48,316.68,799.81,6282.93,39485.91,51.56,5.59,0.21,13.22,0.2,0.5,3.94,24.78
14,PACIFIC,2018,157888.81,81552.46,8767.81,342.25,20799.58,260.16,795.18,6657.56,38713.82,51.65,5.55,0.22,13.17,0.16,0.5,4.22,24.52
14,PACIFIC,2019,156886.56,80608.29,8940.25,389.32,20458.48,294.04,831.13,6778.83,38586.22,51.38,5.7,0.25,13.04,0.19,0.53,4.32,24.59
14,PACIFIC,2020,213937.61,109748.87,14353.93,527.67,31344.92,137.52,1251.11,10133.56,46440.04,51.3,6.71,0.25,14.65,0.06,0.58,4.74,21.71
14,PACIFIC,2021,207915.73,105136.39,13387.35,495.0,30996.82,271.94,1157.37,10742.26,45728.59,50.57,6.44,0.24,14.91,0.13,0.56,5.17,21.99
14,PACIFIC,2022,208473.95,106289.04,12635.16,485.83,30854.38,296.18,1279.64,12095.43,44538.29,50.98,6.06,0.23,14.8,0.14,0.61,5.8,21.36
15,NORTH HOLLYWOOD,2017,166126.43,71994.56,7721.07,167.98,10612.44,280.3,458.12,4098.52,70793.45,43.34,4.65,0.1,6.39,0.17,0.28,2.47,42.61
15,NORTH HOLLYWOOD,2018,164856.56,72858.93,7066.54,116.96,10877.17,313.25,439.35,3789.82,69394.53,44.2,4.29,0.07,6.6,0.19,0.27,2.3,42.09
15,NORTH HOLLYWOOD,2019,165409.54,73537.83,6916.56,74.06,11043.6,298.55,317.55,4389.58,68831.81,44.46,4.18,0.04,6.68,0.18,0.19,2.65,41.61
15,NORTH HOLLYWOOD,2020,208175.35,98772.71,9932.53,167.79,15643.16,342.54,387.36,6781.69,76147.57,47.45,4.77,0.08,7.51,0.16,0.19,3.26,36.58
15,NORTH HOLLYWOOD,2021,204431.36,95145.47,10354.34,401.18,14769.72,219.04,658.36,7320.37,75562.89,46.54,5.06,0.2,7.22,0.11,0.32,3.58,36.96
15,NORTH HOLLYWOOD,2022,203086.51,92609.01,10732.63,446.83,14910.02,253.13,759.58,8141.48,75233.83,45.6,5.28,0.22,7.34,0.12,0.37,4.01,37.05
16,FOOTHILL,2017,162381.92,37613.73,5145.57,212.56,9404.58,48.03,478.03,1554.36,107925.06,23.16,3.17,0.13,5.79,0.03,0.29,0.96,66.46
16,FOOTHILL,2018,162348.18,37666.56,5058.35,215.79,9440.06,50.0,422.08,1631.47,107863.86,23.2,3.12,0.13,5.81,0.03,0.26,1.0,66.44
16,FOOTHILL,2019,162248.45,38455.24,5025.43,232.42,8401.53,61.0,397.98,2062.53,107612.33,23.7,3.1,0.14,5.18,0.04,0.25,1.27,66.33
16,FOOTHILL,2020,191717.26,49036.3,5188.4,260.0,10414.62,96.0,1309.89,2724.75,122687.3,25.58,2.71,0.14,5.43,0.05,0.68,1.42,63.99
16,FOOTHILL,2021,191569.92,48562.5,5310.84,302.15,10051.28,130.3,1154.91,2877.59,123180.35,25.35,2.77,0.16,5.25,0.07,0.6,1.5,64.3
16,FOOTHILL,2022,189802.32,47377.66,5380.1,297.94,9997.55,91.3,1210.83,3200.7,122246.24,24.96,2.83,0.16,5.27,0.05,0.64,1.69,64.41
17,DEVONSHIRE,2017,180746.28,78377.98,8307.33,330.16,33747.05,432.24,608.12,5013.34,53930.07,43.36,4.6,0.18,18.67,0.24,0.34,2.77,29.84
17,DEVONSHIRE,2018,181104.7,77925.79,9424.96,336.09,34604.39,460.13,550.03,4612.48,53190.82,43.03,5.2,0.19,19.11,0.25,0.3,2.55,29.37
17,DEVONSHIRE,2019,181544.2,77598.76,8941.03,218.03,35349.12,317.58,576.2,4788.64,53754.85,42.74,4.92,0.12,19.47,0.17,0.32,2.64,29.61
17,DEVONSHIRE,2020,238971.6,94423.31,13788.94,290.97,45123.21,357.62,1048.39,7419.25,76519.89,39.51,5.77,0.12,18.88,0.15,0.44,3.1,32.02
17,DEVONSHIRE,2021,236002.46,90324.62,13005.0,329.91,44622.29,246.96,1162.4,8060.84,78250.43,38.27,5.51,0.14,18.91,0.1,0.49,3.42,33.16
17,DEVONSHIRE,2022,234513.97,89032.49,12411.56,490.15,44862.52,209.99,1500.04,8592.69,77414.53,37.96,5.29,0.21,19.13,0.09,0.64,3.66,33.01
18,SOUTHEAST,2017,128278.58,1612.15,35299.53,160.42,2633.17,58.0,354.23,1019.76,87141.31,1.26,27.52,0.13,2.05,0.05,0.28,0.79,67.93
18,SOUTHEAST,2018,128827.08,1568.84,35398.56,193.08,2553.83,128.99,555.0,706.45,87722.33,1.22,27.48,0.15,1.98,0.1,0.43,0.55,68.09
18,SOUTHEAST,2019,130166.31,1633.6,34279.01,318.07,2734.43,79.99,561.3,775.82,89784.09,1.26,26.33,0.24,2.1,0.06,0.43,0.6,68.98
18,SOUTHEAST,2020,153290.63,1784.75,37467.58,396.06,3379.56,53.0,977.52,1083.1,108149.07,1.16,24.44,0.26,2.2,0.03,0.64,0.71,70.55
18,SOUTHEAST,2021,154184.44,1665.27,34799.75,175.89,3222.93,73.22,871.91,1171.36,112204.1,1.08,22.57,0.11,2.09,0.05,0.57,0.76,72.77
18,SOUTHEAST,2022,151276.33,1763.53,32836.23,208.84,3322.97,43.24,815.45,1549.98,110736.08,1.17,21.71,0.14,2.2,0.03,0.54,1.02,73.2
19,MISSION,2017,242135.05,25141.35,5794.9,403.21,24150.24,141.66,386.12,2076.88,184040.68,10.38,2.39,0.17,9.97,0.06,0.16,0.86,76.01
19,MISSION,2018,243247.18,25272.0,6280.94,426.99,23213.89,308.72,556.79,1863.36,185324.5,10.39,2.58,0.18,9.54,0.13,0.23,0.77,76.19
19,MISSION,2019,242483.57,24656.82,6985.89,259.87,23843.39,347.28,644.74,1820.98,183924.6,10.17,2.88,0.11,9.83,0.14,0.27,0.75,75.85
19,MISSION,2020,253164.81,26526.02,6631.71,265.67,25419.29,274.26,765.97,2275.59,191006.28,10.48,2.62,0.1,10.04,0.11,0.3,0.9,75.45
19,MISSION,2021,247685.76,26193.73,6041.66,234.02,25138.27,517.58,626.3,2585.29,186348.93,10.58,2.44,0.09,10.15,0.21,0.25,1.04,75.24
19,MISSION,2022,243967.48,26377.51,6217.1,349.87,25591.58,496.54,854.8,2469.4,181610.69,10.81,2.55,0.14,10.49,0.2,0.35,1.01,74.44
20,OLYMPIC,2017,187692.5,15623.19,8935.87,326.8,56507.17,681.83,456.9,2848.9,102311.83,8.32,4.76,0.17,30.11,0.36,0.24,1.52,54.51
20,OLYMPIC,2018,185182.8,16009.84,9765.11,312.18,55729.03,621.83,312.63,3052.74,99379.43,8.65,5.27,0.17,30.09,0.34,0.17,1.65,53.67
20,OLYMPIC,2019,184020.83,16949.74,9783.36,390.09,55685.56,517.99,301.82,3098.58,97293.69,9.21,5.32,0.21,30.26,0.28,0.16,1.68,52.87
20,OLYMPIC,2020,189701.01,17840.69,10081.44,513.85,59269.19,429.97,365.33,3802.04,97398.49,9.4,5.31,0.27,31.24,0.23,0.19,2.0,51.34
20,OLYMPIC,2021,181971.72,17927.2,9690.51,523.51,56506.55,357.98,529.05,3847.2,92589.72,9.85,5.33,0.29,31.05,0.2,0.29,2.11,50.88
20,OLYMPIC,2022,181841.1,18125.31,9895.01,506.56,56424.25,274.98,509.14,3805.33,92300.52,9.97,5.44,0.28,31.03,0.15,0.28,2.09,50.76
21,TOPANGA,2017,170203.38,76956.7,6695.3,453.54,22363.9,173.0,816.38,4756.67,57987.9,45.21,3.93,0.27,13.14,0.1,0.48,2.79,34.07
21,TOPANGA,2018,172276.16,78539.48,7750.59,444.6,21923.52,191.0,1161.44,4583.25,57682.29,45.59,4.5,0.26,12.73,0.11,0.67,2.66,33.48
21,TOPANGA,2019,174444.87,79159.79,7329.69,282.92,22823.35,212.0,1132.88,5167.22,58337.02,45.38,4.2,0.16,13.08,0.12,0.65,2.96,33.44
21,TOPANGA,2020,212236.33,91587.69,10375.07,257.62,30719.08,178.0,1057.63,7196.61,70864.63,43.15,4.89,0.12,14.47,0.08,0.5,3.39,33.39
21,TOPANGA,2021,209910.01,90120.61,11083.73,404.12,30539.75,244.0,1383.93,7987.89,68145.99,42.93,5.28,0.19,14.55,0.12,0.66,3.81,32.46
21,TOPANGA,2022,211101.63,88581.73,10328.24,397.13,30633.88,142.0,1636.04,8657.27,70725.34,41.96,4.89,0.19,14.51,0.07,0.77,4.1,33.5
